san marcos,http://sanmarcos.craigslist.org
toledo,http://toledo.craigslist.org
catskills,http://catskills.craigslist.org
"rochester, NY",http://rochester.craigslist.org
pueblo,http://pueblo.craigslist.org
eastern NC,http://eastnc.craigslist.org
eastern panhandle,http://martinsburg.craigslist.org
"sioux city, IA",http://siouxcity.craigslist.org
santa fe / taos,http://santafe.craigslist.org
ft myers / SW florida,http://fortmyers.craigslist.org
western maryland,http://westmd.craigslist.org
new hampshire,http://nh.craigslist.org
cape cod / islands,http://capecod.craigslist.org
show low,http://showlow.craigslist.org
statesboro,http://statesboro.craigslist.org
oklahoma city,http://oklahomacity.craigslist.org
kennewick-pasco-richland,http://kpr.craigslist.org
charlottesville,http://charlottesville.craigslist.org
south dakota,http://sd.craigslist.org
lawton,http://lawton.craigslist.org
high rockies,http://rockies.craigslist.org
northwest CT,http://nwct.craigslist.org
mcallen / edinburg,http://mcallen.craigslist.org
lubbock,http://lubbock.craigslist.org
twin falls,http://twinfalls.craigslist.org
bakersfield,http://bakersfield.craigslist.org
hickory / lenoir,http://hickory.craigslist.org
santa barbara,http://santabarbara.craigslist.org
salina,http://salina.craigslist.org
terre haute,http://terrehaute.craigslist.org
kirksville,http://kirksville.craigslist.org
topeka,http://topeka.craigslist.org
"wilmington, NC",http://wilmington.craigslist.org
st joseph,http://stjoseph.craigslist.org
joplin,http://joplin.craigslist.org
tucson,http://tucson.craigslist.org
east idaho,http://eastidaho.craigslist.org
sacramento,http://sacramento.craigslist.org
wichita falls,http://wichitafalls.craigslist.org
sierra vista,http://sierravista.craigslist.org
missoula,http://missoula.craigslist.org
prescott,http://prescott.craigslist.org
maine,http://maine.craigslist.org
akron / canton,http://akroncanton.craigslist.org
rockford,http://rockford.craigslist.org
ashtabula,http://ashtabula.craigslist.org
seattle-tacoma,http://seattle.craigslist.org
the thumb,http://thumb.craigslist.org
fort wayne,http://fortwayne.craigslist.org
lawrence,http://lawrence.craigslist.org
scranton / wilkes-barre,http://scranton.craigslist.org
morgantown,http://morgantown.craigslist.org
southern WV,http://swv.craigslist.org
waco,http://waco.craigslist.org
montgomery,http://montgomery.craigslist.org
little rock,http://littlerock.craigslist.org
waterloo / cedar falls,http://waterloo.craigslist.org
elmira-corning,http://elmira.craigslist.org
houston,http://houston.craigslist.org
baton rouge,http://batonrouge.craigslist.org
twin tiers NY/PA,http://twintiers.craigslist.org
central louisiana,http://cenla.craigslist.org
"dothan, AL",http://dothan.craigslist.org
san angelo,http://sanangelo.craigslist.org
daytona beach,http://daytona.craigslist.org
new york city,http://newyork.craigslist.org
boulder,http://boulder.craigslist.org
vermont,http://burlington.craigslist.org
great falls,http://greatfalls.craigslist.org
upper peninsula,http://up.craigslist.org
"york, PA",http://york.craigslist.org
port huron,http://porthuron.craigslist.org
"panama city, FL",http://panamacity.craigslist.org
cedar rapids,http://cedarrapids.craigslist.org
"birmingham, AL",http://bham.craigslist.org
southern maryland,http://smd.craigslist.org
ithaca,http://ithaca.craigslist.org
"cincinnati, OH",http://cincinnati.craigslist.org
fredericksburg,http://fredericksburg.craigslist.org
lynchburg,http://lynchburg.craigslist.org
"richmond, IN",http://richmondin.craigslist.org
chicago,http://chicago.craigslist.org
kalamazoo,http://kalamazoo.craigslist.org
colorado springs,http://cosprings.craigslist.org
"washington, DC",http://washingtondc.craigslist.org
poconos,http://poconos.craigslist.org
northern WI,http://northernwi.craigslist.org
west virginia (old),http://wv.craigslist.org
central NJ,http://cnj.craigslist.org
tuscarawas co,http://tuscarawas.craigslist.org
logan,http://logan.craigslist.org
"st louis, MO",http://stlouis.craigslist.org
jersey shore,http://jerseyshore.craigslist.org
gold country,http://goldcountry.craigslist.org
provo / orem,http://provo.craigslist.org
new haven,http://newhaven.craigslist.org
"columbia, SC",http://columbia.craigslist.org
altoona-johnstown,http://altoona.craigslist.org
"fayetteville, NC",http://fayetteville.craigslist.org
sioux falls / SE SD,http://siouxfalls.craigslist.org
lakeland,http://lakeland.craigslist.org
florence / muscle shoals,http://shoals.craigslist.org
valdosta,http://valdosta.craigslist.org
roswell / carlsbad,http://roswell.craigslist.org
northern michigan,http://nmi.craigslist.org
southeast missouri,http://semo.craigslist.org
"palm springs, CA",http://palmsprings.craigslist.org
"salem, OR",http://salem.craigslist.org
houma,http://houma.craigslist.org
glens falls,http://glensfalls.craigslist.org
mankato,http://mankato.craigslist.org
north platte,http://northplatte.craigslist.org
southwest MS,http://natchez.craigslist.org
jonesboro,http://jonesboro.craigslist.org
tampa bay area,http://tampa.craigslist.org
sandusky,http://sandusky.craigslist.org
san antonio,http://sanantonio.craigslist.org
frederick,http://frederick.craigslist.org
rhode island,http://providence.craigslist.org
cookeville,http://cookeville.craigslist.org
western slope,http://westslope.craigslist.org
tulsa,http://tulsa.craigslist.org
helena,http://helena.craigslist.org
st cloud,http://stcloud.craigslist.org
lehigh valley,http://allentown.craigslist.org
"erie, PA",http://erie.craigslist.org
reading,http://reading.craigslist.org
la crosse,http://lacrosse.craigslist.org
southern illinois,http://carbondale.craigslist.org
muncie / anderson,http://muncie.craigslist.org
"columbus, OH",http://columbus.craigslist.org
klamath falls,http://klamath.craigslist.org
"tri-cities, TN",http://tricities.craigslist.org
"lexington, KY",http://lexington.craigslist.org
"victoria, TX",http://victoriatx.craigslist.org
owensboro,http://owensboro.craigslist.org
SF bay area,http://sfbay.craigslist.org
harrisonburg,http://harrisonburg.craigslist.org
"decatur, IL",http://decatur.craigslist.org
southwest KS,http://swks.craigslist.org
los angeles,http://losangeles.craigslist.org
south coast,http://southcoast.craigslist.org
lake charles,http://lakecharles.craigslist.org
hilton head,http://hiltonhead.craigslist.org
chattanooga,http://chattanooga.craigslist.org
eastern CT,http://newlondon.craigslist.org
tuscaloosa,http://tuscaloosa.craigslist.org
lewiston / clarkston,http://lewiston.craigslist.org
dubuque,http://dubuque.craigslist.org
"springfield, IL",http://springfieldil.craigslist.org
"athens, GA",http://athensga.craigslist.org
"fayetteville, AR",http://fayar.craigslist.org
southwest MN,http://marshall.craigslist.org
lima / findlay,http://limaohio.craigslist.org
western massachusetts,http://westernmass.craigslist.org
wausau,http://wausau.craigslist.org
worcester / central MA,http://worcester.craigslist.org
wyoming,http://wyoming.craigslist.org
watertown,http://watertown.craigslist.org
fort dodge,http://fortdodge.craigslist.org
potsdam-canton-massena,http://potsdam.craigslist.org
kalispell,http://kalispell.craigslist.org
mendocino county,http://mendocino.craigslist.org
philadelphia,http://philadelphia.craigslist.org
gainesville,http://gainesville.craigslist.org
south florida,http://miami.craigslist.org
harrisburg,http://harrisburg.craigslist.org
boise,http://boise.craigslist.org
"jacksonville, NC",http://onslow.craigslist.org
college station,http://collegestation.craigslist.org
flagstaff / sedona,http://flagstaff.craigslist.org
"albany, GA",http://albanyga.craigslist.org
huntsville / decatur,http://huntsville.craigslist.org
"springfield, MO",http://springfield.craigslist.org
orange county,http://orangecounty.craigslist.org
anchorage / mat-su,http://anchorage.craigslist.org
redding,http://redding.craigslist.org
la salle co,http://lasalle.craigslist.org
hartford,http://hartford.craigslist.org
bismarck,http://bismarck.craigslist.org
tallahassee,http://tallahassee.craigslist.org
greensboro,http://greensboro.craigslist.org
"ames, IA",http://ames.craigslist.org
duluth / superior,http://duluth.craigslist.org
eastern kentucky,http://eastky.craigslist.org
phoenix,http://phoenix.craigslist.org
yuma,http://yuma.craigslist.org
delaware,http://delaware.craigslist.org
oregon coast,http://oregoncoast.craigslist.org
dallas / fort worth,http://dallas.craigslist.org
williamsport,http://williamsport.craigslist.org
texarkana,http://texarkana.craigslist.org
champaign urbana,http://chambana.craigslist.org
northwest GA,http://nwga.craigslist.org
bellingham,http://bellingham.craigslist.org
ocala,http://ocala.craigslist.org
winchester,http://winchester.craigslist.org
clovis / portales,http://clovis.craigslist.org
greenville / upstate,http://greenville.craigslist.org
milwaukee,http://milwaukee.craigslist.org
siskiyou county,http://siskiyou.craigslist.org
east oregon,http://eastoregon.craigslist.org
"jackson, MI",http://jxn.craigslist.org
raleigh / durham / CH,http://raleigh.craigslist.org
stockton,http://stockton.craigslist.org
new orleans,http://neworleans.craigslist.org
wichita,http://wichita.craigslist.org
fairbanks,http://fairbanks.craigslist.org
merced,http://merced.craigslist.org
finger lakes,http://fingerlakes.craigslist.org
atlanta,http://atlanta.craigslist.org
rapid city / west SD,http://rapidcity.craigslist.org
st augustine,http://staugustine.craigslist.org
butte,http://butte.craigslist.org
amarillo,http://amarillo.craigslist.org
grand island,http://grandisland.craigslist.org
chillicothe,http://chillicothe.craigslist.org
grand forks,http://grandforks.craigslist.org
fargo / moorhead,http://fargo.craigslist.org
boone,http://boone.craigslist.org
susanville,http://susanville.craigslist.org
louisville,http://louisville.craigslist.org
plattsburgh-adirondacks,http://plattsburgh.craigslist.org
imperial county,http://imperial.craigslist.org
san diego,http://sandiego.craigslist.org
southwest VA,http://swva.craigslist.org
winston-salem,http://winstonsalem.craigslist.org
mohave county,http://mohave.craigslist.org
hattiesburg,http://hattiesburg.craigslist.org
minneapolis / st paul,http://minneapolis.craigslist.org
brownsville,http://brownsville.craigslist.org
knoxville,http://knoxville.craigslist.org
binghamton,http://binghamton.craigslist.org
central michigan,http://centralmich.craigslist.org
"athens, OH",http://athensohio.craigslist.org
albuquerque,http://albuquerque.craigslist.org
yakima,http://yakima.craigslist.org
pittsburgh,http://pittsburgh.craigslist.org
bend,http://bend.craigslist.org
augusta,http://augusta.craigslist.org
orlando,http://orlando.craigslist.org
bowling green,http://bgky.craigslist.org
lake of the ozarks,http://loz.craigslist.org
del rio / eagle pass,http://delrio.craigslist.org
holland,http://holland.craigslist.org
"jackson, MS",http://jackson.craigslist.org
meadville,http://meadville.craigslist.org
eastern shore,http://easternshore.craigslist.org
south jersey,http://southjersey.craigslist.org
long island,http://longisland.craigslist.org
humboldt county,http://humboldt.craigslist.org
sarasota-bradenton,http://sarasota.craigslist.org
roanoke,http://roanoke.craigslist.org
outer banks,http://outerbanks.craigslist.org
grand rapids,http://grandrapids.craigslist.org
madison,http://madison.craigslist.org
battle creek,http://battlecreek.craigslist.org
ogden-clearfield,http://ogden.craigslist.org
visalia-tulare,http://visalia.craigslist.org
kenosha-racine,http://racine.craigslist.org
auburn,http://auburn.craigslist.org
zanesville / cambridge,http://zanesville.craigslist.org
"jacksonville, FL",http://jacksonville.craigslist.org
columbia / jeff city,http://columbiamo.craigslist.org
pierre / central SD,http://csd.craigslist.org
"monroe, LA",http://monroe.craigslist.org
bloomington-normal,http://bn.craigslist.org
beaumont / port arthur,http://beaumont.craigslist.org
"farmington, NM",http://farmington.craigslist.org
cumberland valley,http://chambersburg.craigslist.org
charlotte,http://charlotte.craigslist.org
pullman / moscow,http://pullman.craigslist.org
peoria,http://peoria.craigslist.org
northwest OK,http://enid.craigslist.org
kokomo,http://kokomo.craigslist.org
western IL,http://quincy.craigslist.org
macon / warner robins,http://macon.craigslist.org
muskegon,http://muskegon.craigslist.org
laredo,http://laredo.craigslist.org
"brunswick, GA",http://brunswick.craigslist.org
ventura county,http://ventura.craigslist.org
boston,http://boston.craigslist.org
baltimore,http://baltimore.craigslist.org
brainerd,http://brainerd.craigslist.org
state college,http://pennstate.craigslist.org
mason city,http://masoncity.craigslist.org
stillwater,http://stillwater.craigslist.org
olympic peninsula,http://olympic.craigslist.org
eastern CO,http://eastco.craigslist.org
hampton roads,http://norfolk.craigslist.org
cleveland,http://cleveland.craigslist.org
san luis obispo,http://slo.craigslist.org
gulfport / biloxi,http://gulfport.craigslist.org
"columbus, GA",http://columbusga.craigslist.org
odessa / midland,http://odessa.craigslist.org
bemidji,http://bemidji.craigslist.org
buffalo,http://buffalo.craigslist.org
moses lake,http://moseslake.craigslist.org
chautauqua,http://chautauqua.craigslist.org
northeast SD,http://nesd.craigslist.org
utica-rome-oneida,http://utica.craigslist.org
skagit / island / SJI,http://skagit.craigslist.org
meridian,http://meridian.craigslist.org
janesville,http://janesville.craigslist.org
abilene,http://abilene.craigslist.org
syracuse,http://syracuse.craigslist.org
youngstown,http://youngstown.craigslist.org
nashville,http://nashville.craigslist.org
salt lake city,http://saltlakecity.craigslist.org
"florence, SC",http://florencesc.craigslist.org
lafayette,http://lafayette.craigslist.org
yuba-sutter,http://yubasutter.craigslist.org
hanford-corcoran,http://hanford.craigslist.org
iowa city,http://iowacity.craigslist.org
oneonta,http://oneonta.craigslist.org
mansfield,http://mansfield.craigslist.org
medford-ashland,http://medford.craigslist.org
danville,http://danville.craigslist.org
evansville,http://evansville.craigslist.org
huntington-ashland,http://huntington.craigslist.org
eastern montana,http://montana.craigslist.org
las cruces,http://lascruces.craigslist.org
spokane / coeur d'alene,http://spokane.craigslist.org
lincoln,http://lincoln.craigslist.org
north mississippi,http://northmiss.craigslist.org
"clarksville, TN",http://clarksville.craigslist.org
shreveport,http://shreveport.craigslist.org
"albany, NY",http://albany.craigslist.org
"bloomington, IN",http://bloomington.craigslist.org
bozeman,http://bozeman.craigslist.org
parkersburg-marietta,http://parkersburg.craigslist.org
north jersey,http://newjersey.craigslist.org
santa maria,http://santamaria.craigslist.org
fort collins / north CO,http://fortcollins.craigslist.org
austin,http://austin.craigslist.org
"lancaster, PA",http://lancaster.craigslist.org
southwest michigan,http://swmi.craigslist.org
omaha / council bluffs,http://omaha.craigslist.org
kenai peninsula,http://kenai.craigslist.org
appleton-oshkosh-FDL,http://appleton.craigslist.org
pensacola,http://pensacola.craigslist.org
"charleston, SC",http://charleston.craigslist.org
"memphis, TN",http://memphis.craigslist.org
fresno / madera,http://fresno.craigslist.org
corvallis/albany,http://corvallis.craigslist.org
modesto,http://modesto.craigslist.org
reno / tahoe,http://reno.craigslist.org
eau claire,http://eauclaire.craigslist.org
mobile,http://mobile.craigslist.org
"rochester, MN",http://rmn.craigslist.org
saginaw-midland-baycity,http://saginaw.craigslist.org
corpus christi,http://corpuschristi.craigslist.org
asheville,http://asheville.craigslist.org
las vegas,http://lasvegas.craigslist.org
"quad cities, IA/IL",http://quadcities.craigslist.org
elko,http://elko.craigslist.org
myrtle beach,http://myrtlebeach.craigslist.org
south bend / michiana,http://southbend.craigslist.org
wenatchee,http://wenatchee.craigslist.org
"jackson, TN",http://jacksontn.craigslist.org
annapolis,http://annapolis.craigslist.org
"charleston, WV",http://charlestonwv.craigslist.org
green bay,http://greenbay.craigslist.org
southeast IA,http://ottumwa.craigslist.org
hudson valley,http://hudsonvalley.craigslist.org
space coast,http://spacecoast.craigslist.org
denver,http://denver.craigslist.org
chico,http://chico.craigslist.org
"manhattan, KS",http://ksu.craigslist.org
florida keys,http://keys.craigslist.org
"portland, OR",http://portland.craigslist.org
eugene,http://eugene.craigslist.org
"kansas city, MO",http://kansascity.craigslist.org
heartland florida,http://cfl.craigslist.org
western KY,http://westky.craigslist.org
texoma,http://texoma.craigslist.org
indianapolis,http://indianapolis.craigslist.org
flint,http://flint.craigslist.org
billings,http://billings.craigslist.org
"fort smith, AR",http://fortsmith.craigslist.org
scottsbluff / panhandle,http://scottsbluff.craigslist.org
roseburg,http://roseburg.craigslist.org
el paso,http://elpaso.craigslist.org
southeast alaska,http://juneau.craigslist.org
north central FL,http://lakecity.craigslist.org
mattoon-charleston,http://mattoon.craigslist.org
lansing,http://lansing.craigslist.org
galveston,http://galveston.craigslist.org
hawaii,http://honolulu.craigslist.org
st george,http://stgeorge.craigslist.org
north dakota,http://nd.craigslist.org
deep east texas,http://nacogdoches.craigslist.org
northern panhandle,http://wheeling.craigslist.org
inland empire,http://inlandempire.craigslist.org
"sheboygan, WI",http://sheboygan.craigslist.org
southwest TX,http://bigbend.craigslist.org
des moines,http://desmoines.craigslist.org
killeen / temple / ft hood,http://killeen.craigslist.org
dayton / springfield,http://dayton.craigslist.org
northwest KS,http://nwks.craigslist.org
"richmond, VA",http://richmond.craigslist.org
"monroe, MI",http://monroemi.craigslist.org
gadsden-anniston,http://gadsden.craigslist.org
detroit metro,http://detroit.craigslist.org
ann arbor,http://annarbor.craigslist.org
new river valley,http://blacksburg.craigslist.org
tyler / east TX,http://easttexas.craigslist.org
treasure coast,http://treasure.craigslist.org
savannah / hinesville,http://savannah.craigslist.org
okaloosa / walton,http://okaloosa.craigslist.org
lafayette / west lafayette,http://tippecanoe.craigslist.org
southeast KS,http://seks.craigslist.org
monterey bay,http://monterey.craigslist.org
